first_name,last_name,email,email_verified_at,password,role,remember_token,created_at,updated_at
Admin,Admin,admin@example.com,,,admin,,,
Sophia,Fernandez,sophia@gmail.com,,,user,,,
Liam,Johnson,liam.johnson@example.com,,,user,,,
Emma,Wilson,emma.wilson@example.com,,,user,,,
Noah,Robinson,noah.robinson@example.com,,,user,,,
Olivia,Jackson,olivia.jackson@example.com,,,user,,,
Ava,Harris,ava.harris@example.com,,,user,,,
Isabella,Martinez,isabella.martinez@example.com,,,user,,,
William,Hernandez,william.hernandez@example.com,,,user,,,
Sophia,Brown,sophia.brown@example.com,,,user,,,
Mia,Moore,mia.moore@example.com,,,user,,,
James,Lee,james.lee@example.com,,,user,,,
Charlotte,Turner,charlotte.turner@example.com,,,user,,,
Amelia,White,amelia.white@example.com,,,user,,,
Ethan,Walker,ethan.walker@example.com,,,user,,,
Logan,Phillips,logan.phillips@example.com,,,user,,,
Alexander,Hall,alexander.hall@example.com,,,user,,,
Harper,Allen,harper.allen@example.com,,,user,,,
Mason,Young,mason.young@example.com,,,user,,,
Ella,Thompson,ella.thompson@example.com,,,user,,,
Lucas,Anderson,lucas.anderson@example.com,,,user,,,
Hannah,Baker,hannah.baker@example.com,,,user,,,
Oliver,Scott,oliver.scott@example.com,,,user,,,
Avery,Campbell,avery.campbell@example.com,,,user,,,
Gabriel,Taylor,gabriel.taylor@example.com,,,user,,,
Julian,Rivera,julian.rivera@example.com,,,user,,,
Sofia,Lopez,sofia.lopez@example.com,,,user,,,
Brooklyn,Hughes,brooklyn.hughes@example.com,,,user,,,
Carter,Wilson,carter.wilson@example.com,,,user,,,
Henry,Morris,henry.morris@example.com,,,user,,,
Chloe,Rogers,chloe.rogers@example.com,,,user,,,
Althea,Ramos,althea.ramos@example.com,,,user,,,
Bea,Santos,bea.santos@example.com,,,user,,,
Cyril,Garcia,cyril.garcia@example.com,,,user,,,
Danica,Reyes,danica.reyes@example.com,,,user,,,
Elijah,Cruz,elijah.cruz@example.com,,,user,,,
Faye,Del Rosario,faye.delrosario@example.com,,,user,,,
Gino,De Guzman,gino.deguzman@example.com,,,user,,,
Harley,Quinto,harley.quinto@example.com,,,user,,,
Ivy,Sanchez,ivy.sanchez@example.com,,,user,,,
Jacob,Ocampo,jacob.ocampo@example.com,,,user,,,
Kyle,Mendoza,kyle.mendoza@example.com,,,user,,,
Lara,Navarro,lara.navarro@example.com,,,user,,,
Miguel,Aquino,miguel.aquino@example.com,,,user,,,
Nina,Estrada,nina.estrada@example.com,,,user,,,
Owen,Valdez,owen.valdez@example.com,,,user,,,
Paolo,Bautista,paolo.bautista@example.com,,,user,,,
Qiara,Zamora,qiara.zamora@example.com,,,user,,,
Rafael,Enriquez,rafael.enriquez@example.com,,,user,,,
Sam,Yu,sam.yu@example.com,,,user,,,
Tina,Marasigan,tina.marasigan@example.com,,,user,,,
